{
    "price_ENEL.MI": {
        "data": 7.883999824523926,
        "timestamp": 1756484606.857193
    },
    "price_ENI.MI": {
        "data": 15.241999626159668,
        "timestamp": 1756484608.057896
    },
    "price_ISP.MI": {
        "data": 5.375,
        "timestamp": 1756484608.793793
    },
    "price_AAPL": {
        "data": 232.4600067138672,
        "timestamp": 1756484609.433402
    }
}